Origin,Airline,Time,On_Time,Late,Probability_Late
DEN,F9,1,197,93,0.32068965517241377
DEN,F9,2,190,211,0.5261845386533666
DEN,F9,3,41,67,0.6203703703703703
DEN,UA,1,1,3,0.75
DEN,UA,2,430,259,0.37590711175616837
DEN,UA,3,175,114,0.3944636678200692
DEN,B6,1,0,0,
DEN,B6,2,0,0,
DEN,B6,3,0,0,
DEN,WN,1,50,7,0.12280701754385964
DEN,WN,2,393,181,0.3153310104529617
DEN,WN,3,231,258,0.5276073619631901
DEN,AA,1,0,0,
DEN,AA,2,0,0,
DEN,AA,3,0,0,
DEN,US,1,0,0,
DEN,US,2,0,0,
DEN,US,3,0,0,
DEN,DL,1,0,0,
DEN,DL,2,0,0,
DEN,DL,3,0,0,
DEN,NK,1,0,0,
DEN,NK,2,0,0,
DEN,NK,3,0,0,
DEN,VX,1,0,0,
DEN,VX,2,0,0,
DEN,VX,3,0,0,
DEN,AS,1,0,0,
DEN,AS,2,0,0,
DEN,AS,3,0,0,
DEN,EV,1,0,0,
DEN,EV,2,0,0,
DEN,EV,3,0,0,
IAD,F9,1,29,29,0.5
IAD,F9,2,122,69,0.3612565445026178
IAD,F9,3,8,115,0.9349593495934959
IAD,UA,1,219,102,0.3177570093457944
IAD,UA,2,382,165,0.3016453382084095
IAD,UA,3,209,217,0.5093896713615024
IAD,B6,1,0,0,
IAD,B6,2,0,0,
IAD,B6,3,0,0,
IAD,WN,1,0,0,
IAD,WN,2,0,0,
IAD,WN,3,0,0,
IAD,AA,1,0,0,
IAD,AA,2,0,0,
IAD,AA,3,0,0,
IAD,US,1,0,0,
IAD,US,2,0,0,
IAD,US,3,0,0,
IAD,DL,1,0,0,
IAD,DL,2,0,0,
IAD,DL,3,0,0,
IAD,NK,1,0,0,
IAD,NK,2,0,0,
IAD,NK,3,0,0,
IAD,VX,1,0,0,
IAD,VX,2,0,0,
IAD,VX,3,0,0,
IAD,AS,1,0,0,
IAD,AS,2,0,0,
IAD,AS,3,0,0,
IAD,EV,1,0,0,
IAD,EV,2,0,0,
IAD,EV,3,0,0,
LGA,F9,1,0,0,
LGA,F9,2,0,0,
LGA,F9,3,0,0,
LGA,UA,1,0,0,
LGA,UA,2,0,0,
LGA,UA,3,0,0,
LGA,B6,1,311,89,0.2225
LGA,B6,2,318,267,0.4564102564102564
LGA,B6,3,321,359,0.5279411764705882
LGA,WN,1,0,0,
LGA,WN,2,0,0,
LGA,WN,3,0,0,
LGA,AA,1,8,7,0.4666666666666667
LGA,AA,2,0,0,
LGA,AA,3,0,0,
LGA,US,1,0,0,
LGA,US,2,0,0,
LGA,US,3,0,0,
LGA,DL,1,319,73,0.18622448979591838
LGA,DL,2,734,417,0.3622936576889661
LGA,DL,3,370,320,0.463768115942029
LGA,NK,1,0,0,
LGA,NK,2,0,0,
LGA,NK,3,0,0,
LGA,VX,1,0,0,
LGA,VX,2,0,0,
LGA,VX,3,0,0,
LGA,AS,1,0,0,
LGA,AS,2,0,0,
LGA,AS,3,0,0,
LGA,EV,1,0,0,
LGA,EV,2,0,0,
LGA,EV,3,0,0,
MIA,F9,1,0,0,
MIA,F9,2,0,0,
MIA,F9,3,0,0,
MIA,UA,1,0,0,
MIA,UA,2,0,0,
MIA,UA,3,0,0,
MIA,B6,1,0,0,
MIA,B6,2,0,0,
MIA,B6,3,0,0,
MIA,WN,1,0,0,
MIA,WN,2,0,0,
MIA,WN,3,0,0,
MIA,AA,1,454,207,0.31316187594553707
MIA,AA,2,597,580,0.4927782497875956
MIA,AA,3,476,688,0.5910652920962199
MIA,US,1,0,0,
MIA,US,2,0,0,
MIA,US,3,0,0,
MIA,DL,1,0,0,
MIA,DL,2,18,7,0.28
MIA,DL,3,0,6,1.0
MIA,NK,1,0,0,
MIA,NK,2,0,0,
MIA,NK,3,0,0,
MIA,VX,1,0,0,
MIA,VX,2,0,0,
MIA,VX,3,0,0,
MIA,AS,1,0,0,
MIA,AS,2,0,0,
MIA,AS,3,0,0,
MIA,EV,1,0,0,
MIA,EV,2,0,0,
MIA,EV,3,0,0,
MDW,F9,1,0,0,
MDW,F9,2,0,0,
MDW,F9,3,0,0,
MDW,UA,1,0,0,
MDW,UA,2,0,0,
MDW,UA,3,0,0,
MDW,B6,1,0,0,
MDW,B6,2,0,0,
MDW,B6,3,0,0,
MDW,WN,1,501,105,0.17326732673267325
MDW,WN,2,751,439,0.3689075630252101
MDW,WN,3,424,361,0.45987261146496816
MDW,AA,1,0,0,
MDW,AA,2,0,0,
MDW,AA,3,0,0,
MDW,US,1,0,0,
MDW,US,2,0,0,
MDW,US,3,0,0,
MDW,DL,1,0,0,
MDW,DL,2,0,0,
MDW,DL,3,0,0,
MDW,NK,1,0,0,
MDW,NK,2,0,0,
MDW,NK,3,0,0,
MDW,VX,1,0,0,
MDW,VX,2,0,0,
MDW,VX,3,0,0,
MDW,AS,1,0,0,
MDW,AS,2,0,0,
MDW,AS,3,0,0,
MDW,EV,1,0,0,
MDW,EV,2,0,0,
MDW,EV,3,0,0,
JFK,F9,1,0,0,
JFK,F9,2,0,0,
JFK,F9,3,0,0,
JFK,UA,1,0,0,
JFK,UA,2,0,0,
JFK,UA,3,0,0,
JFK,B6,1,569,250,0.3052503052503053
JFK,B6,2,815,525,0.3917910447761194
JFK,B6,3,499,453,0.47584033613445376
JFK,WN,1,0,0,
JFK,WN,2,0,0,
JFK,WN,3,0,0,
JFK,AA,1,249,72,0.22429906542056074
JFK,AA,2,226,125,0.3561253561253561
JFK,AA,3,12,4,0.25
JFK,US,1,0,0,
JFK,US,2,0,0,
JFK,US,3,0,0,
JFK,DL,1,222,71,0.24232081911262798
JFK,DL,2,616,245,0.2845528455284553
JFK,DL,3,223,173,0.43686868686868685
JFK,NK,1,0,0,
JFK,NK,2,0,0,
JFK,NK,3,0,0,
JFK,VX,1,0,0,
JFK,VX,2,0,0,
JFK,VX,3,0,0,
JFK,AS,1,0,0,
JFK,AS,2,0,0,
JFK,AS,3,0,0,
JFK,EV,1,0,0,
JFK,EV,2,0,0,
JFK,EV,3,0,0,
LAS,F9,1,99,116,0.5395348837209303
LAS,F9,2,31,30,0.4918032786885246
LAS,F9,3,0,0,
LAS,UA,1,0,0,
LAS,UA,2,0,0,
LAS,UA,3,0,0,
LAS,B6,1,0,0,
LAS,B6,2,0,0,
LAS,B6,3,0,0,
LAS,WN,1,0,1,1.0
LAS,WN,2,199,128,0.39143730886850153
LAS,WN,3,146,192,0.5680473372781065
LAS,AA,1,0,0,
LAS,AA,2,0,0,
LAS,AA,3,0,0,
LAS,US,1,0,0,
LAS,US,2,0,0,
LAS,US,3,0,0,
LAS,DL,1,0,0,
LAS,DL,2,0,0,
LAS,DL,3,0,0,
LAS,NK,1,0,0,
LAS,NK,2,0,0,
LAS,NK,3,0,0,
LAS,VX,1,0,0,
LAS,VX,2,0,0,
LAS,VX,3,0,0,
LAS,AS,1,0,0,
LAS,AS,2,0,0,
LAS,AS,3,0,0,
LAS,EV,1,0,0,
LAS,EV,2,0,0,
LAS,EV,3,0,0,
PHX,F9,1,0,0,
PHX,F9,2,0,0,
PHX,F9,3,0,0,
PHX,UA,1,0,0,
PHX,UA,2,0,0,
PHX,UA,3,0,0,
PHX,B6,1,0,0,
PHX,B6,2,0,0,
PHX,B6,3,0,0,
PHX,WN,1,0,0,
PHX,WN,2,151,122,0.4468864468864469
PHX,WN,3,41,37,0.47435897435897434
PHX,AA,1,34,35,0.5072463768115942
PHX,AA,2,95,77,0.4476744186046512
PHX,AA,3,56,69,0.552
PHX,US,1,73,51,0.4112903225806452
PHX,US,2,182,110,0.3767123287671233
PHX,US,3,58,93,0.6158940397350994
PHX,DL,1,0,0,
PHX,DL,2,0,0,
PHX,DL,3,0,0,
PHX,NK,1,0,0,
PHX,NK,2,0,0,
PHX,NK,3,0,0,
PHX,VX,1,0,0,
PHX,VX,2,0,0,
PHX,VX,3,0,0,
PHX,AS,1,0,0,
PHX,AS,2,0,0,
PHX,AS,3,0,0,
PHX,EV,1,0,0,
PHX,EV,2,0,0,
PHX,EV,3,0,0,
PSE,F9,1,0,0,
PSE,F9,2,0,0,
PSE,F9,3,0,0,
PSE,UA,1,0,0,
PSE,UA,2,0,0,
PSE,UA,3,0,0,
PSE,B6,1,332,82,0.19806763285024154
PSE,B6,2,0,0,
PSE,B6,3,2,0,0.0
PSE,WN,1,0,0,
PSE,WN,2,0,0,
PSE,WN,3,0,0,
PSE,AA,1,0,0,
PSE,AA,2,0,0,
PSE,AA,3,0,0,
PSE,US,1,0,0,
PSE,US,2,0,0,
PSE,US,3,0,0,
PSE,DL,1,0,0,
PSE,DL,2,0,0,
PSE,DL,3,0,0,
PSE,NK,1,0,0,
PSE,NK,2,0,0,
PSE,NK,3,0,0,
PSE,VX,1,0,0,
PSE,VX,2,0,0,
PSE,VX,3,0,0,
PSE,AS,1,0,0,
PSE,AS,2,0,0,
PSE,AS,3,0,0,
PSE,EV,1,0,0,
PSE,EV,2,0,0,
PSE,EV,3,0,0,
BQN,F9,1,0,0,
BQN,F9,2,0,0,
BQN,F9,3,0,0,
BQN,UA,1,0,0,
BQN,UA,2,0,0,
BQN,UA,3,0,0,
BQN,B6,1,217,71,0.2465277777777778
BQN,B6,2,108,45,0.29411764705882354
BQN,B6,3,0,0,
BQN,WN,1,0,0,
BQN,WN,2,0,0,
BQN,WN,3,0,0,
BQN,AA,1,0,0,
BQN,AA,2,0,0,
BQN,AA,3,0,0,
BQN,US,1,0,0,
BQN,US,2,0,0,
BQN,US,3,0,0,
BQN,DL,1,0,0,
BQN,DL,2,0,0,
BQN,DL,3,0,0,
BQN,NK,1,0,0,
BQN,NK,2,0,0,
BQN,NK,3,0,0,
BQN,VX,1,0,0,
BQN,VX,2,0,0,
BQN,VX,3,0,0,
BQN,AS,1,0,0,
BQN,AS,2,0,0,
BQN,AS,3,0,0,
BQN,EV,1,0,0,
BQN,EV,2,0,0,
BQN,EV,3,0,0,
LAX,F9,1,37,14,0.27450980392156865
LAX,F9,2,0,0,
LAX,F9,3,10,0,0.0
LAX,UA,1,126,74,0.37
LAX,UA,2,204,55,0.21235521235521235
LAX,UA,3,7,1,0.125
LAX,B6,1,0,0,
LAX,B6,2,0,0,
LAX,B6,3,0,0,
LAX,WN,1,0,0,
LAX,WN,2,0,0,
LAX,WN,3,0,0,
LAX,AA,1,209,109,0.34276729559748426
LAX,AA,2,201,147,0.4224137931034483
LAX,AA,3,3,4,0.5714285714285714
LAX,US,1,0,0,
LAX,US,2,0,0,
LAX,US,3,0,0,
LAX,DL,1,190,137,0.41896024464831805
LAX,DL,2,166,163,0.49544072948328266
LAX,DL,3,97,129,0.5707964601769911
LAX,NK,1,0,0,
LAX,NK,2,0,0,
LAX,NK,3,0,0,
LAX,VX,1,0,0,
LAX,VX,2,203,128,0.3867069486404834
LAX,VX,3,1,2,0.6666666666666666
LAX,AS,1,0,0,
LAX,AS,2,0,0,
LAX,AS,3,0,0,
LAX,EV,1,0,0,
LAX,EV,2,0,0,
LAX,EV,3,0,0,
SLC,F9,1,0,0,
SLC,F9,2,0,0,
SLC,F9,3,0,0,
SLC,UA,1,0,0,
SLC,UA,2,0,0,
SLC,UA,3,0,0,
SLC,B6,1,157,176,0.5285285285285285
SLC,B6,2,0,0,
SLC,B6,3,1,0,0.0
SLC,WN,1,0,0,
SLC,WN,2,0,0,
SLC,WN,3,0,0,
SLC,AA,1,0,0,
SLC,AA,2,0,0,
SLC,AA,3,0,0,
SLC,US,1,0,0,
SLC,US,2,0,0,
SLC,US,3,0,0,
SLC,DL,1,195,51,0.2073170731707317
SLC,DL,2,242,86,0.2621951219512195
SLC,DL,3,207,124,0.37462235649546827
SLC,NK,1,0,0,
SLC,NK,2,0,0,
SLC,NK,3,0,0,
SLC,VX,1,0,0,
SLC,VX,2,0,0,
SLC,VX,3,0,0,
SLC,AS,1,0,0,
SLC,AS,2,0,0,
SLC,AS,3,0,0,
SLC,EV,1,0,0,
SLC,EV,2,0,0,
SLC,EV,3,0,0,
SFO,F9,1,0,0,
SFO,F9,2,0,0,
SFO,F9,3,0,0,
SFO,UA,1,67,59,0.46825396825396826
SFO,UA,2,191,119,0.38387096774193546
SFO,UA,3,215,146,0.40443213296398894
SFO,B6,1,0,0,
SFO,B6,2,0,0,
SFO,B6,3,0,0,
SFO,WN,1,0,0,
SFO,WN,2,0,0,
SFO,WN,3,0,0,
SFO,AA,1,0,0,
SFO,AA,2,0,0,
SFO,AA,3,0,0,
SFO,US,1,0,0,
SFO,US,2,0,0,
SFO,US,3,0,0,
SFO,DL,1,0,0,
SFO,DL,2,0,0,
SFO,DL,3,0,0,
SFO,NK,1,0,0,
SFO,NK,2,0,0,
SFO,NK,3,0,0,
SFO,VX,1,0,0,
SFO,VX,2,0,0,
SFO,VX,3,0,0,
SFO,AS,1,0,0,
SFO,AS,2,0,0,
SFO,AS,3,0,0,
SFO,EV,1,0,0,
SFO,EV,2,0,0,
SFO,EV,3,0,0,
SJU,F9,1,0,0,
SJU,F9,2,0,0,
SJU,F9,3,0,0,
SJU,UA,1,0,0,
SJU,UA,2,0,0,
SJU,UA,3,0,0,
SJU,B6,1,314,67,0.17585301837270342
SJU,B6,2,534,251,0.3197452229299363
SJU,B6,3,431,361,0.45580808080808083
SJU,WN,1,344,45,0.11568123393316196
SJU,WN,2,499,130,0.2066772655007949
SJU,WN,3,239,145,0.3776041666666667
SJU,AA,1,0,0,
SJU,AA,2,0,0,
SJU,AA,3,0,0,
SJU,US,1,0,0,
SJU,US,2,0,0,
SJU,US,3,0,0,
SJU,DL,1,0,0,
SJU,DL,2,0,0,
SJU,DL,3,0,0,
SJU,NK,1,11,4,0.26666666666666666
SJU,NK,2,107,62,0.3668639053254438
SJU,NK,3,4,4,0.5
SJU,VX,1,0,0,
SJU,VX,2,0,0,
SJU,VX,3,0,0,
SJU,AS,1,0,0,
SJU,AS,2,0,0,
SJU,AS,3,0,0,
SJU,EV,1,0,0,
SJU,EV,2,0,0,
SJU,EV,3,0,0,
PHL,F9,1,220,96,0.3037974683544304
PHL,F9,2,99,126,0.56
PHL,F9,3,44,138,0.7582417582417582
PHL,UA,1,0,0,
PHL,UA,2,0,0,
PHL,UA,3,0,0,
PHL,B6,1,0,0,
PHL,B6,2,0,0,
PHL,B6,3,0,0,
PHL,WN,1,484,97,0.16695352839931152
PHL,WN,2,396,207,0.34328358208955223
PHL,WN,3,155,185,0.5441176470588235
PHL,AA,1,212,71,0.2508833922261484
PHL,AA,2,337,244,0.4199655765920826
PHL,AA,3,172,144,0.45569620253164556
PHL,US,1,256,92,0.26436781609195403
PHL,US,2,369,334,0.4751066856330014
PHL,US,3,216,175,0.4475703324808184
PHL,DL,1,0,0,
PHL,DL,2,0,0,
PHL,DL,3,0,0,
PHL,NK,1,0,0,
PHL,NK,2,0,0,
PHL,NK,3,0,0,
PHL,VX,1,0,0,
PHL,VX,2,0,0,
PHL,VX,3,0,0,
PHL,AS,1,0,0,
PHL,AS,2,0,0,
PHL,AS,3,0,0,
PHL,EV,1,0,0,
PHL,EV,2,0,0,
PHL,EV,3,0,0,
FLL,F9,1,0,0,
FLL,F9,2,0,0,
FLL,F9,3,0,0,
FLL,UA,1,0,0,
FLL,UA,2,0,0,
FLL,UA,3,0,0,
FLL,B6,1,0,0,
FLL,B6,2,0,0,
FLL,B6,3,0,0,
FLL,WN,1,0,0,
FLL,WN,2,0,0,
FLL,WN,3,0,0,
FLL,AA,1,0,0,
FLL,AA,2,0,0,
FLL,AA,3,0,0,
FLL,US,1,0,0,
FLL,US,2,0,0,
FLL,US,3,0,0,
FLL,DL,1,0,0,
FLL,DL,2,0,0,
FLL,DL,3,0,0,
FLL,NK,1,210,123,0.36936936936936937
FLL,NK,2,0,1,1.0
FLL,NK,3,167,166,0.4984984984984985
FLL,VX,1,0,0,
FLL,VX,2,0,0,
FLL,VX,3,0,0,
FLL,AS,1,0,0,
FLL,AS,2,0,0,
FLL,AS,3,0,0,
FLL,EV,1,0,0,
FLL,EV,2,0,0,
FLL,EV,3,0,0,
ATL,F9,1,2,8,0.8
ATL,F9,2,137,129,0.4849624060150376
ATL,F9,3,2,14,0.875
ATL,UA,1,0,0,
ATL,UA,2,0,0,
ATL,UA,3,0,0,
ATL,B6,1,0,0,
ATL,B6,2,0,0,
ATL,B6,3,0,0,
ATL,WN,1,518,111,0.17647058823529413
ATL,WN,2,643,385,0.3745136186770428
ATL,WN,3,351,351,0.5
ATL,AA,1,0,0,
ATL,AA,2,0,0,
ATL,AA,3,0,0,
ATL,US,1,0,0,
ATL,US,2,0,0,
ATL,US,3,0,0,
ATL,DL,1,837,458,0.35366795366795367
ATL,DL,2,1639,952,0.3674257043612505
ATL,DL,3,785,576,0.42321822189566494
ATL,NK,1,131,71,0.35148514851485146
ATL,NK,2,18,62,0.775
ATL,NK,3,10,12,0.5454545454545454
ATL,VX,1,0,0,
ATL,VX,2,0,0,
ATL,VX,3,0,0,
ATL,AS,1,0,0,
ATL,AS,2,0,0,
ATL,AS,3,0,0,
ATL,EV,1,0,0,
ATL,EV,2,0,0,
ATL,EV,3,0,0,
EWR,F9,1,0,0,
EWR,F9,2,0,0,
EWR,F9,3,0,0,
EWR,UA,1,520,150,0.22388059701492538
EWR,UA,2,982,560,0.3631647211413748
EWR,UA,3,381,432,0.5313653136531366
EWR,B6,1,305,47,0.13352272727272727
EWR,B6,2,510,319,0.3848009650180941
EWR,B6,3,234,334,0.5880281690140845
EWR,WN,1,0,0,
EWR,WN,2,0,0,
EWR,WN,3,0,0,
EWR,AA,1,0,0,
EWR,AA,2,0,0,
EWR,AA,3,0,0,
EWR,US,1,0,0,
EWR,US,2,0,0,
EWR,US,3,0,0,
EWR,DL,1,0,0,
EWR,DL,2,0,0,
EWR,DL,3,0,0,
EWR,NK,1,0,0,
EWR,NK,2,0,0,
EWR,NK,3,0,0,
EWR,VX,1,0,0,
EWR,VX,2,0,0,
EWR,VX,3,0,0,
EWR,AS,1,0,0,
EWR,AS,2,0,0,
EWR,AS,3,0,0,
EWR,EV,1,0,0,
EWR,EV,2,0,0,
EWR,EV,3,0,0,
CLE,F9,1,184,125,0.4045307443365696
CLE,F9,2,128,107,0.4553191489361702
CLE,F9,3,38,61,0.6161616161616161
CLE,UA,1,277,53,0.1606060606060606
CLE,UA,2,96,28,0.22580645161290322
CLE,UA,3,2,1,0.3333333333333333
CLE,B6,1,0,0,
CLE,B6,2,0,0,
CLE,B6,3,0,0,
CLE,WN,1,3,2,0.4
CLE,WN,2,0,0,
CLE,WN,3,0,0,
CLE,AA,1,0,0,
CLE,AA,2,0,0,
CLE,AA,3,0,0,
CLE,US,1,0,0,
CLE,US,2,0,0,
CLE,US,3,0,0,
CLE,DL,1,0,0,
CLE,DL,2,0,0,
CLE,DL,3,0,0,
CLE,NK,1,80,90,0.5294117647058824
CLE,NK,2,64,37,0.36633663366336633
CLE,NK,3,2,2,0.5
CLE,VX,1,0,0,
CLE,VX,2,0,0,
CLE,VX,3,0,0,
CLE,AS,1,0,0,
CLE,AS,2,0,0,
CLE,AS,3,0,0,
CLE,EV,1,1,1,0.5
CLE,EV,2,0,0,
CLE,EV,3,0,0,
CAK,F9,1,0,0,
CAK,F9,2,0,0,
CAK,F9,3,0,0,
CAK,UA,1,0,0,
CAK,UA,2,0,0,
CAK,UA,3,0,0,
CAK,B6,1,0,0,
CAK,B6,2,0,0,
CAK,B6,3,0,0,
CAK,WN,1,173,26,0.1306532663316583
CAK,WN,2,229,88,0.277602523659306
CAK,WN,3,17,14,0.45161290322580644
CAK,AA,1,0,0,
CAK,AA,2,0,0,
CAK,AA,3,0,0,
CAK,US,1,0,0,
CAK,US,2,0,0,
CAK,US,3,0,0,
CAK,DL,1,0,0,
CAK,DL,2,0,0,
CAK,DL,3,0,0,
CAK,NK,1,0,0,
CAK,NK,2,0,0,
CAK,NK,3,0,0,
CAK,VX,1,0,0,
CAK,VX,2,0,0,
CAK,VX,3,0,0,
CAK,AS,1,0,0,
CAK,AS,2,0,0,
CAK,AS,3,0,0,
CAK,EV,1,0,0,
CAK,EV,2,0,0,
CAK,EV,3,0,0,
BWI,F9,1,0,0,
BWI,F9,2,0,0,
BWI,F9,3,0,0,
BWI,UA,1,0,0,
BWI,UA,2,0,0,
BWI,UA,3,0,0,
BWI,B6,1,0,0,
BWI,B6,2,40,10,0.2
BWI,B6,3,0,0,
BWI,WN,1,618,198,0.2426470588235294
BWI,WN,2,726,479,0.3975103734439834
BWI,WN,3,468,574,0.5508637236084453
BWI,AA,1,0,0,
BWI,AA,2,0,0,
BWI,AA,3,0,0,
BWI,US,1,0,0,
BWI,US,2,0,0,
BWI,US,3,0,0,
BWI,DL,1,0,0,
BWI,DL,2,0,0,
BWI,DL,3,0,0,
BWI,NK,1,0,0,
BWI,NK,2,0,0,
BWI,NK,3,0,0,
BWI,VX,1,0,0,
BWI,VX,2,0,0,
BWI,VX,3,0,0,
BWI,AS,1,0,0,
BWI,AS,2,0,0,
BWI,AS,3,0,0,
BWI,EV,1,0,0,
BWI,EV,2,0,0,
BWI,EV,3,0,0,
DCA,F9,1,0,0,
DCA,F9,2,0,0,
DCA,F9,3,0,0,
DCA,UA,1,0,0,
DCA,UA,2,0,0,
DCA,UA,3,0,0,
DCA,B6,1,379,123,0.2450199203187251
DCA,B6,2,257,215,0.4555084745762712
DCA,B6,3,218,161,0.42480211081794195
DCA,WN,1,0,0,
DCA,WN,2,33,18,0.35294117647058826
DCA,WN,3,0,10,1.0
DCA,AA,1,124,29,0.1895424836601307
DCA,AA,2,322,139,0.30151843817787416
DCA,AA,3,147,113,0.4346153846153846
DCA,US,1,169,31,0.155
DCA,US,2,439,130,0.22847100175746923
DCA,US,3,159,134,0.45733788395904434
DCA,DL,1,0,0,
DCA,DL,2,0,0,
DCA,DL,3,0,0,
DCA,NK,1,0,0,
DCA,NK,2,0,0,
DCA,NK,3,0,0,
DCA,VX,1,0,0,
DCA,VX,2,0,0,
DCA,VX,3,0,0,
DCA,AS,1,0,0,
DCA,AS,2,0,0,
DCA,AS,3,0,0,
DCA,EV,1,0,0,
DCA,EV,2,0,0,
DCA,EV,3,0,0,
PIT,F9,1,0,0,
PIT,F9,2,0,0,
PIT,F9,3,0,0,
PIT,UA,1,0,0,
PIT,UA,2,0,0,
PIT,UA,3,0,0,
PIT,B6,1,0,0,
PIT,B6,2,0,0,
PIT,B6,3,0,0,
PIT,WN,1,384,38,0.09004739336492891
PIT,WN,2,577,196,0.2535575679172057
PIT,WN,3,118,160,0.5755395683453237
PIT,AA,1,0,0,
PIT,AA,2,0,0,
PIT,AA,3,0,0,
PIT,US,1,0,0,
PIT,US,2,0,0,
PIT,US,3,0,0,
PIT,DL,1,0,0,
PIT,DL,2,0,0,
PIT,DL,3,0,0,
PIT,NK,1,0,0,
PIT,NK,2,0,0,
PIT,NK,3,0,0,
PIT,VX,1,0,0,
PIT,VX,2,0,0,
PIT,VX,3,0,0,
PIT,AS,1,0,0,
PIT,AS,2,0,0,
PIT,AS,3,0,0,
PIT,EV,1,0,0,
PIT,EV,2,0,0,
PIT,EV,3,0,0,
RIC,F9,1,0,0,
RIC,F9,2,0,0,
RIC,F9,3,0,0,
RIC,UA,1,0,0,
RIC,UA,2,0,0,
RIC,UA,3,0,0,
RIC,B6,1,223,56,0.2007168458781362
RIC,B6,2,31,21,0.40384615384615385
RIC,B6,3,3,0,0.0
RIC,WN,1,220,43,0.1634980988593156
RIC,WN,2,33,34,0.5074626865671642
RIC,WN,3,1,3,0.75
RIC,AA,1,0,0,
RIC,AA,2,0,0,
RIC,AA,3,0,0,
RIC,US,1,0,0,
RIC,US,2,0,0,
RIC,US,3,0,0,
RIC,DL,1,0,0,
RIC,DL,2,0,0,
RIC,DL,3,0,0,
RIC,NK,1,0,0,
RIC,NK,2,0,0,
RIC,NK,3,0,0,
RIC,VX,1,0,0,
RIC,VX,2,0,0,
RIC,VX,3,0,0,
RIC,AS,1,0,0,
RIC,AS,2,0,0,
RIC,AS,3,0,0,
RIC,EV,1,9,3,0.25
RIC,EV,2,0,4,1.0
RIC,EV,3,0,1,1.0
PVD,F9,1,0,0,
PVD,F9,2,0,0,
PVD,F9,3,0,0,
PVD,UA,1,0,0,
PVD,UA,2,0,0,
PVD,UA,3,0,0,
PVD,B6,1,253,69,0.21428571428571427
PVD,B6,2,140,105,0.42857142857142855
PVD,B6,3,48,45,0.4838709677419355
PVD,WN,1,373,48,0.11401425178147269
PVD,WN,2,403,178,0.306368330464716
PVD,WN,3,216,145,0.40166204986149584
PVD,AA,1,0,0,
PVD,AA,2,0,0,
PVD,AA,3,0,0,
PVD,US,1,0,0,
PVD,US,2,0,0,
PVD,US,3,0,0,
PVD,DL,1,0,0,
PVD,DL,2,0,0,
PVD,DL,3,0,0,
PVD,NK,1,0,0,
PVD,NK,2,0,0,
PVD,NK,3,0,0,
PVD,VX,1,0,0,
PVD,VX,2,0,0,
PVD,VX,3,0,0,
PVD,AS,1,0,0,
PVD,AS,2,0,0,
PVD,AS,3,0,0,
PVD,EV,1,0,0,
PVD,EV,2,0,0,
PVD,EV,3,0,0,
DFW,F9,1,0,0,
DFW,F9,2,0,0,
DFW,F9,3,0,0,
DFW,UA,1,0,0,
DFW,UA,2,0,0,
DFW,UA,3,0,0,
DFW,B6,1,0,0,
DFW,B6,2,0,0,
DFW,B6,3,0,0,
DFW,WN,1,0,0,
DFW,WN,2,0,0,
DFW,WN,3,0,0,
DFW,AA,1,415,165,0.28448275862068967
DFW,AA,2,959,715,0.4271206690561529
DFW,AA,3,581,493,0.4590316573556797
DFW,US,1,0,0,
DFW,US,2,0,0,
DFW,US,3,0,0,
DFW,DL,1,0,0,
DFW,DL,2,0,0,
DFW,DL,3,0,0,
DFW,NK,1,84,33,0.28205128205128205
DFW,NK,2,162,180,0.5263157894736842
DFW,NK,3,9,30,0.7692307692307693
DFW,VX,1,0,0,
DFW,VX,2,0,0,
DFW,VX,3,0,0,
DFW,AS,1,0,0,
DFW,AS,2,0,0,
DFW,AS,3,0,0,
DFW,EV,1,0,0,
DFW,EV,2,0,0,
DFW,EV,3,0,0,
ORD,F9,1,10,4,0.2857142857142857
ORD,F9,2,91,197,0.6840277777777778
ORD,F9,3,52,71,0.5772357723577236
ORD,UA,1,320,98,0.23444976076555024
ORD,UA,2,617,446,0.4195672624647225
ORD,UA,3,222,314,0.585820895522388
ORD,B6,1,0,0,
ORD,B6,2,0,0,
ORD,B6,3,0,0,
ORD,WN,1,0,0,
ORD,WN,2,0,0,
ORD,WN,3,0,0,
ORD,AA,1,220,53,0.19413919413919414
ORD,AA,2,597,354,0.3722397476340694
ORD,AA,3,196,175,0.4716981132075472
ORD,US,1,0,0,
ORD,US,2,0,0,
ORD,US,3,0,0,
ORD,DL,1,0,0,
ORD,DL,2,0,0,
ORD,DL,3,0,0,
ORD,NK,1,21,22,0.5116279069767442
ORD,NK,2,140,191,0.5770392749244713
ORD,NK,3,4,1,0.2
ORD,VX,1,0,0,
ORD,VX,2,0,0,
ORD,VX,3,0,0,
ORD,AS,1,0,0,
ORD,AS,2,0,0,
ORD,AS,3,0,0,
ORD,EV,1,0,0,
ORD,EV,2,0,0,
ORD,EV,3,0,0,
ALB,F9,1,0,0,
ALB,F9,2,0,0,
ALB,F9,3,0,0,
ALB,UA,1,0,0,
ALB,UA,2,0,0,
ALB,UA,3,0,0,
ALB,B6,1,0,0,
ALB,B6,2,6,2,0.25
ALB,B6,3,6,8,0.5714285714285714
ALB,WN,1,277,39,0.12341772151898735
ALB,WN,2,207,70,0.2527075812274368
ALB,WN,3,48,28,0.3684210526315789
ALB,AA,1,0,0,
ALB,AA,2,0,0,
ALB,AA,3,0,0,
ALB,US,1,0,0,
ALB,US,2,0,0,
ALB,US,3,0,0,
ALB,DL,1,0,0,
ALB,DL,2,0,0,
ALB,DL,3,0,0,
ALB,NK,1,0,0,
ALB,NK,2,0,0,
ALB,NK,3,0,0,
ALB,VX,1,0,0,
ALB,VX,2,0,0,
ALB,VX,3,0,0,
ALB,AS,1,0,0,
ALB,AS,2,0,0,
ALB,AS,3,0,0,
ALB,EV,1,0,0,
ALB,EV,2,0,0,
ALB,EV,3,0,0,
ACY,F9,1,0,0,
ACY,F9,2,0,0,
ACY,F9,3,0,0,
ACY,UA,1,0,0,
ACY,UA,2,0,0,
ACY,UA,3,0,0,
ACY,B6,1,0,0,
ACY,B6,2,0,0,
ACY,B6,3,0,0,
ACY,WN,1,0,0,
ACY,WN,2,0,0,
ACY,WN,3,0,0,
ACY,AA,1,0,0,
ACY,AA,2,0,0,
ACY,AA,3,0,0,
ACY,US,1,0,0,
ACY,US,2,0,0,
ACY,US,3,0,0,
ACY,DL,1,0,0,
ACY,DL,2,0,0,
ACY,DL,3,0,0,
ACY,NK,1,243,81,0.25
ACY,NK,2,71,66,0.48175182481751827
ACY,NK,3,155,178,0.5345345345345346
ACY,VX,1,0,0,
ACY,VX,2,0,0,
ACY,VX,3,0,0,
ACY,AS,1,0,0,
ACY,AS,2,0,0,
ACY,AS,3,0,0,
ACY,EV,1,0,0,
ACY,EV,2,0,0,
ACY,EV,3,0,0,
MHT,F9,1,0,0,
MHT,F9,2,0,0,
MHT,F9,3,0,0,
MHT,UA,1,0,0,
MHT,UA,2,0,0,
MHT,UA,3,0,0,
MHT,B6,1,0,0,
MHT,B6,2,0,0,
MHT,B6,3,0,0,
MHT,WN,1,292,33,0.10153846153846154
MHT,WN,2,218,71,0.24567474048442905
MHT,WN,3,35,55,0.6111111111111112
MHT,AA,1,0,0,
MHT,AA,2,0,0,
MHT,AA,3,0,0,
MHT,US,1,0,0,
MHT,US,2,0,0,
MHT,US,3,0,0,
MHT,DL,1,0,0,
MHT,DL,2,0,0,
MHT,DL,3,0,0,
MHT,NK,1,0,0,
MHT,NK,2,0,0,
MHT,NK,3,0,0,
MHT,VX,1,0,0,
MHT,VX,2,0,0,
MHT,VX,3,0,0,
MHT,AS,1,0,0,
MHT,AS,2,0,0,
MHT,AS,3,0,0,
MHT,EV,1,0,0,
MHT,EV,2,0,0,
MHT,EV,3,0,0,
HOU,F9,1,0,0,
HOU,F9,2,0,0,
HOU,F9,3,0,0,
HOU,UA,1,0,0,
HOU,UA,2,0,0,
HOU,UA,3,0,0,
HOU,B6,1,0,0,
HOU,B6,2,0,0,
HOU,B6,3,0,0,
HOU,WN,1,223,55,0.19784172661870503
HOU,WN,2,275,316,0.5346869712351946
HOU,WN,3,184,346,0.6528301886792452
HOU,AA,1,0,0,
HOU,AA,2,0,0,
HOU,AA,3,0,0,
HOU,US,1,0,0,
HOU,US,2,0,0,
HOU,US,3,0,0,
HOU,DL,1,0,0,
HOU,DL,2,0,0,
HOU,DL,3,0,0,
HOU,NK,1,0,0,
HOU,NK,2,0,0,
HOU,NK,3,0,0,
HOU,VX,1,0,0,
HOU,VX,2,0,0,
HOU,VX,3,0,0,
HOU,AS,1,0,0,
HOU,AS,2,0,0,
HOU,AS,3,0,0,
HOU,EV,1,0,0,
HOU,EV,2,0,0,
HOU,EV,3,0,0,
MEM,F9,1,0,0,
MEM,F9,2,0,0,
MEM,F9,3,0,0,
MEM,UA,1,0,0,
MEM,UA,2,0,0,
MEM,UA,3,0,0,
MEM,B6,1,0,0,
MEM,B6,2,0,0,
MEM,B6,3,0,0,
MEM,WN,1,27,11,0.2894736842105263
MEM,WN,2,218,106,0.3271604938271605
MEM,WN,3,7,7,0.5
MEM,AA,1,0,0,
MEM,AA,2,0,0,
MEM,AA,3,0,0,
MEM,US,1,0,0,
MEM,US,2,0,0,
MEM,US,3,0,0,
MEM,DL,1,3,1,0.25
MEM,DL,2,0,0,
MEM,DL,3,0,0,
MEM,NK,1,0,0,
MEM,NK,2,0,0,
MEM,NK,3,0,0,
MEM,VX,1,0,0,
MEM,VX,2,0,0,
MEM,VX,3,0,0,
MEM,AS,1,0,0,
MEM,AS,2,0,0,
MEM,AS,3,0,0,
MEM,EV,1,2,1,0.3333333333333333
MEM,EV,2,0,0,
MEM,EV,3,0,0,
ISP,F9,1,0,0,
ISP,F9,2,0,0,
ISP,F9,3,0,0,
ISP,UA,1,0,0,
ISP,UA,2,0,0,
ISP,UA,3,0,0,
ISP,B6,1,0,0,
ISP,B6,2,0,0,
ISP,B6,3,0,0,
ISP,WN,1,269,40,0.12944983818770225
ISP,WN,2,293,118,0.2871046228710462
ISP,WN,3,196,144,0.4235294117647059
ISP,AA,1,0,0,
ISP,AA,2,0,0,
ISP,AA,3,0,0,
ISP,US,1,0,0,
ISP,US,2,0,0,
ISP,US,3,0,0,
ISP,DL,1,0,0,
ISP,DL,2,0,0,
ISP,DL,3,0,0,
ISP,NK,1,0,0,
ISP,NK,2,0,0,
ISP,NK,3,0,0,
ISP,VX,1,0,0,
ISP,VX,2,0,0,
ISP,VX,3,0,0,
ISP,AS,1,0,0,
ISP,AS,2,0,0,
ISP,AS,3,0,0,
ISP,EV,1,0,0,
ISP,EV,2,0,0,
ISP,EV,3,0,0,
IAH,F9,1,0,0,
IAH,F9,2,3,10,0.7692307692307693
IAH,F9,3,0,0,
IAH,UA,1,296,105,0.26184538653366585
IAH,UA,2,751,650,0.46395431834404
IAH,UA,3,166,279,0.6269662921348315
IAH,B6,1,0,0,
IAH,B6,2,0,0,
IAH,B6,3,0,0,
IAH,WN,1,0,0,
IAH,WN,2,0,0,
IAH,WN,3,0,0,
IAH,AA,1,0,0,
IAH,AA,2,0,0,
IAH,AA,3,0,0,
IAH,US,1,0,0,
IAH,US,2,0,0,
IAH,US,3,0,0,
IAH,DL,1,0,0,
IAH,DL,2,0,0,
IAH,DL,3,0,0,
IAH,NK,1,69,81,0.54
IAH,NK,2,61,127,0.675531914893617
IAH,NK,3,2,10,0.8333333333333334
IAH,VX,1,0,0,
IAH,VX,2,0,0,
IAH,VX,3,0,0,
IAH,AS,1,0,0,
IAH,AS,2,0,0,
IAH,AS,3,0,0,
IAH,EV,1,0,0,
IAH,EV,2,0,0,
IAH,EV,3,0,0,
DTW,F9,1,0,0,
DTW,F9,2,32,9,0.21951219512195122
DTW,F9,3,0,0,
DTW,UA,1,0,0,
DTW,UA,2,0,0,
DTW,UA,3,0,0,
DTW,B6,1,0,0,
DTW,B6,2,0,0,
DTW,B6,3,0,0,
DTW,WN,1,0,0,
DTW,WN,2,1,0,0.0
DTW,WN,3,0,0,
DTW,AA,1,0,0,
DTW,AA,2,0,0,
DTW,AA,3,0,0,
DTW,US,1,0,0,
DTW,US,2,0,0,
DTW,US,3,0,0,
DTW,DL,1,203,128,0.3867069486404834
DTW,DL,2,679,306,0.31065989847715736
DTW,DL,3,384,273,0.4155251141552511
DTW,NK,1,159,90,0.3614457831325301
DTW,NK,2,161,201,0.5552486187845304
DTW,NK,3,7,2,0.2222222222222222
DTW,VX,1,0,0,
DTW,VX,2,0,0,
DTW,VX,3,0,0,
DTW,AS,1,0,0,
DTW,AS,2,0,0,
DTW,AS,3,0,0,
DTW,EV,1,0,0,
DTW,EV,2,0,0,
DTW,EV,3,0,0,
BOS,F9,1,0,0,
BOS,F9,2,0,0,
BOS,F9,3,0,0,
BOS,UA,1,0,0,
BOS,UA,2,0,0,
BOS,UA,3,0,0,
BOS,B6,1,370,124,0.25101214574898784
BOS,B6,2,620,399,0.3915603532875368
BOS,B6,3,316,417,0.5688949522510232
BOS,WN,1,6,8,0.5714285714285714
BOS,WN,2,4,4,0.5
BOS,WN,3,1,0,0.0
BOS,AA,1,0,0,
BOS,AA,2,0,0,
BOS,AA,3,0,0,
BOS,US,1,0,0,
BOS,US,2,0,0,
BOS,US,3,0,0,
BOS,DL,1,256,40,0.13513513513513514
BOS,DL,2,126,125,0.49800796812749004
BOS,DL,3,21,15,0.4166666666666667
BOS,NK,1,0,0,
BOS,NK,2,0,0,
BOS,NK,3,0,0,
BOS,VX,1,0,0,
BOS,VX,2,0,0,
BOS,VX,3,0,0,
BOS,AS,1,0,0,
BOS,AS,2,0,0,
BOS,AS,3,0,0,
BOS,EV,1,0,0,
BOS,EV,2,0,0,
BOS,EV,3,0,0,
MCI,F9,1,0,0,
MCI,F9,2,0,0,
MCI,F9,3,0,0,
MCI,UA,1,0,0,
MCI,UA,2,0,0,
MCI,UA,3,0,0,
MCI,B6,1,0,0,
MCI,B6,2,0,0,
MCI,B6,3,0,0,
MCI,WN,1,278,52,0.15757575757575756
MCI,WN,2,201,138,0.40707964601769914
MCI,WN,3,119,115,0.49145299145299143
MCI,AA,1,0,0,
MCI,AA,2,0,0,
MCI,AA,3,0,0,
MCI,US,1,0,0,
MCI,US,2,0,0,
MCI,US,3,0,0,
MCI,DL,1,0,0,
MCI,DL,2,0,1,1.0
MCI,DL,3,0,0,
MCI,NK,1,0,0,
MCI,NK,2,0,0,
MCI,NK,3,0,0,
MCI,VX,1,0,0,
MCI,VX,2,0,0,
MCI,VX,3,0,0,
MCI,AS,1,0,0,
MCI,AS,2,0,0,
MCI,AS,3,0,0,
MCI,EV,1,0,0,
MCI,EV,2,3,2,0.4
MCI,EV,3,0,0,
STL,F9,1,58,19,0.24675324675324675
STL,F9,2,30,18,0.375
STL,F9,3,39,36,0.48
STL,UA,1,0,0,
STL,UA,2,0,0,
STL,UA,3,0,0,
STL,B6,1,0,0,
STL,B6,2,0,0,
STL,B6,3,0,0,
STL,WN,1,272,33,0.10819672131147541
STL,WN,2,396,224,0.36129032258064514
STL,WN,3,218,186,0.4603960396039604
STL,AA,1,0,0,
STL,AA,2,0,0,
STL,AA,3,0,0,
STL,US,1,0,0,
STL,US,2,0,0,
STL,US,3,0,0,
STL,DL,1,0,0,
STL,DL,2,0,0,
STL,DL,3,0,0,
STL,NK,1,0,0,
STL,NK,2,0,0,
STL,NK,3,0,0,
STL,VX,1,0,0,
STL,VX,2,0,0,
STL,VX,3,0,0,
STL,AS,1,0,0,
STL,AS,2,0,0,
STL,AS,3,0,0,
STL,EV,1,0,0,
STL,EV,2,0,0,
STL,EV,3,0,0,
BDL,F9,1,0,0,
BDL,F9,2,0,0,
BDL,F9,3,0,0,
BDL,UA,1,0,0,
BDL,UA,2,0,0,
BDL,UA,3,0,0,
BDL,B6,1,126,39,0.23636363636363636
BDL,B6,2,127,55,0.3021978021978022
BDL,B6,3,167,173,0.5088235294117647
BDL,WN,1,267,47,0.14968152866242038
BDL,WN,2,360,127,0.26078028747433263
BDL,WN,3,82,64,0.4383561643835616
BDL,AA,1,0,0,
BDL,AA,2,0,0,
BDL,AA,3,0,0,
BDL,US,1,0,0,
BDL,US,2,0,0,
BDL,US,3,0,0,
BDL,DL,1,0,0,
BDL,DL,2,0,0,
BDL,DL,3,0,0,
BDL,NK,1,0,0,
BDL,NK,2,0,0,
BDL,NK,3,0,0,
BDL,VX,1,0,0,
BDL,VX,2,0,0,
BDL,VX,3,0,0,
BDL,AS,1,0,0,
BDL,AS,2,0,0,
BDL,AS,3,0,0,
BDL,EV,1,19,7,0.2692307692307692
BDL,EV,2,0,6,1.0
BDL,EV,3,1,0,0.0
MSY,F9,1,0,0,
MSY,F9,2,0,0,
MSY,F9,3,0,0,
MSY,UA,1,0,0,
MSY,UA,2,0,0,
MSY,UA,3,0,0,
MSY,B6,1,0,0,
MSY,B6,2,0,0,
MSY,B6,3,0,0,
MSY,WN,1,218,55,0.20146520146520147
MSY,WN,2,357,203,0.3625
MSY,WN,3,148,160,0.5194805194805194
MSY,AA,1,0,0,
MSY,AA,2,0,0,
MSY,AA,3,0,0,
MSY,US,1,0,0,
MSY,US,2,0,0,
MSY,US,3,0,0,
MSY,DL,1,0,0,
MSY,DL,2,0,0,
MSY,DL,3,0,0,
MSY,NK,1,0,0,
MSY,NK,2,0,0,
MSY,NK,3,0,0,
MSY,VX,1,0,0,
MSY,VX,2,0,0,
MSY,VX,3,0,0,
MSY,AS,1,0,0,
MSY,AS,2,0,0,
MSY,AS,3,0,0,
MSY,EV,1,0,0,
MSY,EV,2,0,0,
MSY,EV,3,0,0,
IND,F9,1,0,0,
IND,F9,2,46,13,0.22033898305084745
IND,F9,3,0,2,1.0
IND,UA,1,0,0,
IND,UA,2,0,0,
IND,UA,3,0,0,
IND,B6,1,0,0,
IND,B6,2,0,0,
IND,B6,3,0,0,
IND,WN,1,263,51,0.1624203821656051
IND,WN,2,479,222,0.3166904422253923
IND,WN,3,127,86,0.40375586854460094
IND,AA,1,0,0,
IND,AA,2,0,0,
IND,AA,3,0,0,
IND,US,1,0,0,
IND,US,2,0,0,
IND,US,3,0,0,
IND,DL,1,0,0,
IND,DL,2,0,0,
IND,DL,3,0,0,
IND,NK,1,0,0,
IND,NK,2,0,0,
IND,NK,3,0,0,
IND,VX,1,0,0,
IND,VX,2,0,0,
IND,VX,3,0,0,
IND,AS,1,0,0,
IND,AS,2,0,0,
IND,AS,3,0,0,
IND,EV,1,0,0,
IND,EV,2,0,0,
IND,EV,3,0,0,
DAL,F9,1,0,0,
DAL,F9,2,0,0,
DAL,F9,3,0,0,
DAL,UA,1,0,0,
DAL,UA,2,0,0,
DAL,UA,3,0,0,
DAL,B6,1,0,0,
DAL,B6,2,0,0,
DAL,B6,3,0,0,
DAL,WN,1,210,62,0.22794117647058823
DAL,WN,2,254,192,0.4304932735426009
DAL,WN,3,120,176,0.5945945945945946
DAL,AA,1,0,0,
DAL,AA,2,0,0,
DAL,AA,3,0,0,
DAL,US,1,0,0,
DAL,US,2,0,0,
DAL,US,3,0,0,
DAL,DL,1,0,0,
DAL,DL,2,0,0,
DAL,DL,3,0,0,
DAL,NK,1,0,0,
DAL,NK,2,0,0,
DAL,NK,3,0,0,
DAL,VX,1,0,0,
DAL,VX,2,0,0,
DAL,VX,3,0,0,
DAL,AS,1,0,0,
DAL,AS,2,0,0,
DAL,AS,3,0,0,
DAL,EV,1,0,0,
DAL,EV,2,0,0,
DAL,EV,3,0,0,
CLT,F9,1,0,0,
CLT,F9,2,0,0,
CLT,F9,3,0,0,
CLT,UA,1,0,0,
CLT,UA,2,0,0,
CLT,UA,3,0,0,
CLT,B6,1,0,0,
CLT,B6,2,0,0,
CLT,B6,3,0,0,
CLT,WN,1,0,0,
CLT,WN,2,2,2,0.5
CLT,WN,3,0,0,
CLT,AA,1,166,119,0.41754385964912283
CLT,AA,2,318,377,0.5424460431654676
CLT,AA,3,137,223,0.6194444444444445
CLT,US,1,174,171,0.4956521739130435
CLT,US,2,498,335,0.4021608643457383
CLT,US,3,178,257,0.5908045977011495
CLT,DL,1,0,0,
CLT,DL,2,0,0,
CLT,DL,3,0,0,
CLT,NK,1,0,0,
CLT,NK,2,0,0,
CLT,NK,3,0,0,
CLT,VX,1,0,0,
CLT,VX,2,0,0,
CLT,VX,3,0,0,
CLT,AS,1,0,0,
CLT,AS,2,0,0,
CLT,AS,3,0,0,
CLT,EV,1,0,0,
CLT,EV,2,0,0,
CLT,EV,3,0,0,
MKE,F9,1,0,0,
MKE,F9,2,15,27,0.6428571428571429
MKE,F9,3,0,0,
MKE,UA,1,0,0,
MKE,UA,2,0,0,
MKE,UA,3,0,0,
MKE,B6,1,0,0,
MKE,B6,2,0,0,
MKE,B6,3,0,0,
MKE,WN,1,331,48,0.1266490765171504
MKE,WN,2,318,159,0.3333333333333333
MKE,WN,3,214,135,0.3868194842406877
MKE,AA,1,0,0,
MKE,AA,2,0,0,
MKE,AA,3,0,0,
MKE,US,1,0,0,
MKE,US,2,0,0,
MKE,US,3,0,0,
MKE,DL,1,0,0,
MKE,DL,2,3,1,0.25
MKE,DL,3,0,0,
MKE,NK,1,0,0,
MKE,NK,2,0,0,
MKE,NK,3,0,0,
MKE,VX,1,0,0,
MKE,VX,2,0,0,
MKE,VX,3,0,0,
MKE,AS,1,0,0,
MKE,AS,2,0,0,
MKE,AS,3,0,0,
MKE,EV,1,0,0,
MKE,EV,2,1,1,0.5
MKE,EV,3,0,0,
MSP,F9,1,0,0,
MSP,F9,2,0,0,
MSP,F9,3,0,0,
MSP,UA,1,0,0,
MSP,UA,2,0,0,
MSP,UA,3,0,0,
MSP,B6,1,0,0,
MSP,B6,2,0,0,
MSP,B6,3,0,0,
MSP,WN,1,0,0,
MSP,WN,2,20,9,0.3103448275862069
MSP,WN,3,0,3,1.0
MSP,AA,1,0,0,
MSP,AA,2,0,0,
MSP,AA,3,0,0,
MSP,US,1,0,0,
MSP,US,2,0,0,
MSP,US,3,0,0,
MSP,DL,1,231,83,0.2643312101910828
MSP,DL,2,475,285,0.375
MSP,DL,3,199,128,0.39143730886850153
MSP,NK,1,60,0,0.0
MSP,NK,2,23,70,0.7526881720430108
MSP,NK,3,1,1,0.5
MSP,VX,1,0,0,
MSP,VX,2,0,0,
MSP,VX,3,0,0,
MSP,AS,1,0,0,
MSP,AS,2,0,0,
MSP,AS,3,0,0,
MSP,EV,1,0,0,
MSP,EV,2,0,0,
MSP,EV,3,0,0,
MDT,F9,1,0,0,
MDT,F9,2,55,30,0.35294117647058826
MDT,F9,3,0,0,
MDT,UA,1,0,0,
MDT,UA,2,0,0,
MDT,UA,3,0,0,
MDT,B6,1,0,0,
MDT,B6,2,0,0,
MDT,B6,3,0,0,
MDT,WN,1,0,0,
MDT,WN,2,0,0,
MDT,WN,3,0,0,
MDT,AA,1,0,0,
MDT,AA,2,0,0,
MDT,AA,3,0,0,
MDT,US,1,0,0,
MDT,US,2,0,0,
MDT,US,3,0,0,
MDT,DL,1,0,0,
MDT,DL,2,0,0,
MDT,DL,3,0,0,
MDT,NK,1,0,0,
MDT,NK,2,0,0,
MDT,NK,3,0,0,
MDT,VX,1,0,0,
MDT,VX,2,0,0,
MDT,VX,3,0,0,
MDT,AS,1,0,0,
MDT,AS,2,0,0,
MDT,AS,3,0,0,
MDT,EV,1,0,0,
MDT,EV,2,0,0,
MDT,EV,3,0,0,
ORF,F9,1,0,0,
ORF,F9,2,0,0,
ORF,F9,3,0,0,
ORF,UA,1,0,0,
ORF,UA,2,0,0,
ORF,UA,3,0,0,
ORF,B6,1,0,0,
ORF,B6,2,0,0,
ORF,B6,3,0,0,
ORF,WN,1,215,27,0.1115702479338843
ORF,WN,2,68,59,0.4645669291338583
ORF,WN,3,32,31,0.49206349206349204
ORF,AA,1,0,0,
ORF,AA,2,0,0,
ORF,AA,3,0,0,
ORF,US,1,0,0,
ORF,US,2,0,0,
ORF,US,3,0,0,
ORF,DL,1,0,0,
ORF,DL,2,0,0,
ORF,DL,3,0,0,
ORF,NK,1,0,0,
ORF,NK,2,0,0,
ORF,NK,3,0,0,
ORF,VX,1,0,0,
ORF,VX,2,0,0,
ORF,VX,3,0,0,
ORF,AS,1,0,0,
ORF,AS,2,0,0,
ORF,AS,3,0,0,
ORF,EV,1,0,0,
ORF,EV,2,0,0,
ORF,EV,3,0,0,
BUF,F9,1,0,0,
BUF,F9,2,0,0,
BUF,F9,3,0,0,
BUF,UA,1,0,0,
BUF,UA,2,0,0,
BUF,UA,3,0,0,
BUF,B6,1,174,35,0.1674641148325359
BUF,B6,2,84,39,0.3170731707317073
BUF,B6,3,28,27,0.4909090909090909
BUF,WN,1,310,30,0.08823529411764706
BUF,WN,2,361,156,0.30174081237911027
BUF,WN,3,194,87,0.3096085409252669
BUF,AA,1,0,0,
BUF,AA,2,0,0,
BUF,AA,3,0,0,
BUF,US,1,0,0,
BUF,US,2,0,0,
BUF,US,3,0,0,
BUF,DL,1,0,0,
BUF,DL,2,0,0,
BUF,DL,3,0,0,
BUF,NK,1,0,0,
BUF,NK,2,0,0,
BUF,NK,3,0,0,
BUF,VX,1,0,0,
BUF,VX,2,0,0,
BUF,VX,3,0,0,
BUF,AS,1,0,0,
BUF,AS,2,0,0,
BUF,AS,3,0,0,
BUF,EV,1,0,0,
BUF,EV,2,0,0,
BUF,EV,3,0,0,
BNA,F9,1,0,0,
BNA,F9,2,0,0,
BNA,F9,3,0,0,
BNA,UA,1,0,0,
BNA,UA,2,0,0,
BNA,UA,3,0,0,
BNA,B6,1,0,0,
BNA,B6,2,0,0,
BNA,B6,3,0,0,
BNA,WN,1,289,110,0.2756892230576441
BNA,WN,2,295,204,0.4088176352705411
BNA,WN,3,270,252,0.4827586206896552
BNA,AA,1,0,0,
BNA,AA,2,0,0,
BNA,AA,3,0,0,
BNA,US,1,0,0,
BNA,US,2,0,0,
BNA,US,3,0,0,
BNA,DL,1,0,0,
BNA,DL,2,0,0,
BNA,DL,3,0,0,
BNA,NK,1,0,0,
BNA,NK,2,0,0,
BNA,NK,3,0,0,
BNA,VX,1,0,0,
BNA,VX,2,0,0,
BNA,VX,3,0,0,
BNA,AS,1,0,0,
BNA,AS,2,0,0,
BNA,AS,3,0,0,
BNA,EV,1,1,0,0.0
BNA,EV,2,4,1,0.2
BNA,EV,3,0,0,
HPN,F9,1,0,0,
HPN,F9,2,0,0,
HPN,F9,3,0,0,
HPN,UA,1,0,0,
HPN,UA,2,0,0,
HPN,UA,3,0,0,
HPN,B6,1,221,90,0.28938906752411575
HPN,B6,2,400,253,0.3874425727411945
HPN,B6,3,151,129,0.4607142857142857
HPN,WN,1,0,0,
HPN,WN,2,0,0,
HPN,WN,3,0,0,
HPN,AA,1,0,0,
HPN,AA,2,0,0,
HPN,AA,3,0,0,
HPN,US,1,0,0,
HPN,US,2,0,0,
HPN,US,3,0,0,
HPN,DL,1,0,0,
HPN,DL,2,0,0,
HPN,DL,3,0,0,
HPN,NK,1,0,0,
HPN,NK,2,0,0,
HPN,NK,3,0,0,
HPN,VX,1,0,0,
HPN,VX,2,0,0,
HPN,VX,3,0,0,
HPN,AS,1,0,0,
HPN,AS,2,0,0,
HPN,AS,3,0,0,
HPN,EV,1,1,0,0.0
HPN,EV,2,0,0,
HPN,EV,3,0,0,
RDU,F9,1,0,0,
RDU,F9,2,0,0,
RDU,F9,3,0,0,
RDU,UA,1,0,0,
RDU,UA,2,0,0,
RDU,UA,3,0,0,
RDU,B6,1,0,0,
RDU,B6,2,0,0,
RDU,B6,3,0,0,
RDU,WN,1,290,34,0.10493827160493827
RDU,WN,2,322,217,0.4025974025974026
RDU,WN,3,63,50,0.4424778761061947
RDU,AA,1,0,0,
RDU,AA,2,0,0,
RDU,AA,3,0,0,
RDU,US,1,0,0,
RDU,US,2,0,0,
RDU,US,3,0,0,
RDU,DL,1,0,0,
RDU,DL,2,0,0,
RDU,DL,3,0,0,
RDU,NK,1,0,0,
RDU,NK,2,0,0,
RDU,NK,3,0,0,
RDU,VX,1,0,0,
RDU,VX,2,0,0,
RDU,VX,3,0,0,
RDU,AS,1,0,0,
RDU,AS,2,0,0,
RDU,AS,3,0,0,
RDU,EV,1,0,0,
RDU,EV,2,3,0,0.0
RDU,EV,3,0,0,
ORH,F9,1,0,0,
ORH,F9,2,0,0,
ORH,F9,3,0,0,
ORH,UA,1,0,0,
ORH,UA,2,0,0,
ORH,UA,3,0,0,
ORH,B6,1,0,0,
ORH,B6,2,230,68,0.22818791946308725
ORH,B6,3,19,15,0.4411764705882353
ORH,WN,1,0,0,
ORH,WN,2,0,0,
ORH,WN,3,0,0,
ORH,AA,1,0,0,
ORH,AA,2,0,0,
ORH,AA,3,0,0,
ORH,US,1,0,0,
ORH,US,2,0,0,
ORH,US,3,0,0,
ORH,DL,1,0,0,
ORH,DL,2,0,0,
ORH,DL,3,0,0,
ORH,NK,1,0,0,
ORH,NK,2,0,0,
ORH,NK,3,0,0,
ORH,VX,1,0,0,
ORH,VX,2,0,0,
ORH,VX,3,0,0,
ORH,AS,1,0,0,
ORH,AS,2,0,0,
ORH,AS,3,0,0,
ORH,EV,1,0,0,
ORH,EV,2,0,0,
ORH,EV,3,0,0,
DAY,F9,1,0,0,
DAY,F9,2,0,0,
DAY,F9,3,0,0,
DAY,UA,1,0,0,
DAY,UA,2,0,0,
DAY,UA,3,0,0,
DAY,B6,1,0,0,
DAY,B6,2,0,0,
DAY,B6,3,0,0,
DAY,WN,1,82,4,0.046511627906976744
DAY,WN,2,170,74,0.30327868852459017
DAY,WN,3,8,10,0.5555555555555556
DAY,AA,1,0,0,
DAY,AA,2,0,0,
DAY,AA,3,0,0,
DAY,US,1,0,0,
DAY,US,2,0,0,
DAY,US,3,0,0,
DAY,DL,1,0,0,
DAY,DL,2,0,0,
DAY,DL,3,0,0,
DAY,NK,1,0,0,
DAY,NK,2,0,0,
DAY,NK,3,0,0,
DAY,VX,1,0,0,
DAY,VX,2,0,0,
DAY,VX,3,0,0,
DAY,AS,1,0,0,
DAY,AS,2,0,0,
DAY,AS,3,0,0,
DAY,EV,1,0,0,
DAY,EV,2,0,0,
DAY,EV,3,0,0,
CMH,F9,1,0,0,
CMH,F9,2,0,0,
CMH,F9,3,0,0,
CMH,UA,1,0,0,
CMH,UA,2,0,0,
CMH,UA,3,0,0,
CMH,B6,1,0,0,
CMH,B6,2,0,0,
CMH,B6,3,0,0,
CMH,WN,1,255,31,0.10839160839160839
CMH,WN,2,441,176,0.2852512155591572
CMH,WN,3,71,76,0.5170068027210885
CMH,AA,1,0,0,
CMH,AA,2,0,0,
CMH,AA,3,0,0,
CMH,US,1,0,0,
CMH,US,2,0,0,
CMH,US,3,0,0,
CMH,DL,1,0,0,
CMH,DL,2,0,0,
CMH,DL,3,0,0,
CMH,NK,1,0,0,
CMH,NK,2,0,0,
CMH,NK,3,0,0,
CMH,VX,1,0,0,
CMH,VX,2,0,0,
CMH,VX,3,0,0,
CMH,AS,1,0,0,
CMH,AS,2,0,0,
CMH,AS,3,0,0,
CMH,EV,1,0,0,
CMH,EV,2,2,0,0.0
CMH,EV,3,0,0,
ROC,F9,1,0,0,
ROC,F9,2,0,0,
ROC,F9,3,0,0,
ROC,UA,1,0,0,
ROC,UA,2,0,0,
ROC,UA,3,0,0,
ROC,B6,1,0,0,
ROC,B6,2,0,0,
ROC,B6,3,0,0,
ROC,WN,1,25,0,0.0
ROC,WN,2,283,71,0.20056497175141244
ROC,WN,3,8,7,0.4666666666666667
ROC,AA,1,0,0,
ROC,AA,2,0,0,
ROC,AA,3,0,0,
ROC,US,1,0,0,
ROC,US,2,0,0,
ROC,US,3,0,0,
ROC,DL,1,0,0,
ROC,DL,2,0,0,
ROC,DL,3,0,0,
ROC,NK,1,0,0,
ROC,NK,2,0,0,
ROC,NK,3,0,0,
ROC,VX,1,0,0,
ROC,VX,2,0,0,
ROC,VX,3,0,0,
ROC,AS,1,0,0,
ROC,AS,2,0,0,
ROC,AS,3,0,0,
ROC,EV,1,0,0,
ROC,EV,2,0,0,
ROC,EV,3,0,0,
AUS,F9,1,0,0,
AUS,F9,2,0,0,
AUS,F9,3,0,0,
AUS,UA,1,0,0,
AUS,UA,2,0,0,
AUS,UA,3,0,0,
AUS,B6,1,0,0,
AUS,B6,2,161,58,0.2648401826484018
AUS,B6,3,49,108,0.6878980891719745
AUS,WN,1,66,14,0.175
AUS,WN,2,183,123,0.4019607843137255
AUS,WN,3,88,148,0.6271186440677966
AUS,AA,1,0,0,
AUS,AA,2,0,0,
AUS,AA,3,0,0,
AUS,US,1,0,0,
AUS,US,2,0,0,
AUS,US,3,0,0,
AUS,DL,1,0,0,
AUS,DL,2,0,0,
AUS,DL,3,0,0,
AUS,NK,1,0,0,
AUS,NK,2,0,0,
AUS,NK,3,0,0,
AUS,VX,1,0,0,
AUS,VX,2,0,0,
AUS,VX,3,0,0,
AUS,AS,1,0,0,
AUS,AS,2,0,0,
AUS,AS,3,0,0,
AUS,EV,1,0,0,
AUS,EV,2,0,0,
AUS,EV,3,0,0,
GRR,F9,1,0,0,
GRR,F9,2,0,0,
GRR,F9,3,0,0,
GRR,UA,1,0,0,
GRR,UA,2,0,0,
GRR,UA,3,0,0,
GRR,B6,1,0,0,
GRR,B6,2,0,0,
GRR,B6,3,0,0,
GRR,WN,1,11,2,0.15384615384615385
GRR,WN,2,203,70,0.2564102564102564
GRR,WN,3,3,5,0.625
GRR,AA,1,0,0,
GRR,AA,2,0,0,
GRR,AA,3,0,0,
GRR,US,1,0,0,
GRR,US,2,0,0,
GRR,US,3,0,0,
GRR,DL,1,0,0,
GRR,DL,2,0,0,
GRR,DL,3,0,0,
GRR,NK,1,0,0,
GRR,NK,2,0,0,
GRR,NK,3,0,0,
GRR,VX,1,0,0,
GRR,VX,2,0,0,
GRR,VX,3,0,0,
GRR,AS,1,0,0,
GRR,AS,2,0,0,
GRR,AS,3,0,0,
GRR,EV,1,11,1,0.08333333333333333
GRR,EV,2,0,2,1.0
GRR,EV,3,0,0,
CVG,F9,1,38,27,0.4153846153846154
CVG,F9,2,121,37,0.23417721518987342
CVG,F9,3,5,68,0.9315068493150684
CVG,UA,1,0,0,
CVG,UA,2,0,0,
CVG,UA,3,0,0,
CVG,B6,1,0,0,
CVG,B6,2,0,0,
CVG,B6,3,0,0,
CVG,WN,1,0,0,
CVG,WN,2,0,0,
CVG,WN,3,0,0,
CVG,AA,1,0,0,
CVG,AA,2,0,0,
CVG,AA,3,0,0,
CVG,US,1,0,0,
CVG,US,2,0,0,
CVG,US,3,0,0,
CVG,DL,1,251,32,0.11307420494699646
CVG,DL,2,207,103,0.33225806451612905
CVG,DL,3,1,0,0.0
CVG,NK,1,0,0,
CVG,NK,2,0,0,
CVG,NK,3,0,0,
CVG,VX,1,0,0,
CVG,VX,2,0,0,
CVG,VX,3,0,0,
CVG,AS,1,0,0,
CVG,AS,2,0,0,
CVG,AS,3,0,0,
CVG,EV,1,0,0,
CVG,EV,2,0,0,
CVG,EV,3,0,0,
FNT,F9,1,0,0,
FNT,F9,2,0,0,
FNT,F9,3,0,0,
FNT,UA,1,0,0,
FNT,UA,2,0,0,
FNT,UA,3,0,0,
FNT,B6,1,0,0,
FNT,B6,2,0,0,
FNT,B6,3,0,0,
FNT,WN,1,199,19,0.0871559633027523
FNT,WN,2,94,23,0.19658119658119658
FNT,WN,3,2,2,0.5
FNT,AA,1,0,0,
FNT,AA,2,0,0,
FNT,AA,3,0,0,
FNT,US,1,0,0,
FNT,US,2,0,0,
FNT,US,3,0,0,
FNT,DL,1,0,0,
FNT,DL,2,0,0,
FNT,DL,3,0,0,
FNT,NK,1,0,0,
FNT,NK,2,0,0,
FNT,NK,3,0,0,
FNT,VX,1,0,0,
FNT,VX,2,0,0,
FNT,VX,3,0,0,
FNT,AS,1,0,0,
FNT,AS,2,0,0,
FNT,AS,3,0,0,
FNT,EV,1,0,0,
FNT,EV,2,0,0,
FNT,EV,3,0,0,
SAT,F9,1,0,0,
SAT,F9,2,0,0,
SAT,F9,3,0,0,
SAT,UA,1,0,0,
SAT,UA,2,0,0,
SAT,UA,3,0,0,
SAT,B6,1,0,0,
SAT,B6,2,0,0,
SAT,B6,3,0,0,
SAT,WN,1,149,34,0.18579234972677597
SAT,WN,2,158,119,0.4296028880866426
SAT,WN,3,6,29,0.8285714285714286
SAT,AA,1,0,0,
SAT,AA,2,0,0,
SAT,AA,3,0,0,
SAT,US,1,0,0,
SAT,US,2,0,0,
SAT,US,3,0,0,
SAT,DL,1,0,0,
SAT,DL,2,0,0,
SAT,DL,3,0,0,
SAT,NK,1,0,0,
SAT,NK,2,0,0,
SAT,NK,3,0,0,
SAT,VX,1,0,0,
SAT,VX,2,0,0,
SAT,VX,3,0,0,
SAT,AS,1,0,0,
SAT,AS,2,0,0,
SAT,AS,3,0,0,
SAT,EV,1,0,0,
SAT,EV,2,0,0,
SAT,EV,3,0,0,
SEA,F9,1,0,0,
SEA,F9,2,0,0,
SEA,F9,3,0,0,
SEA,UA,1,0,0,
SEA,UA,2,0,0,
SEA,UA,3,0,0,
SEA,B6,1,0,0,
SEA,B6,2,0,0,
SEA,B6,3,0,0,
SEA,WN,1,0,0,
SEA,WN,2,0,0,
SEA,WN,3,0,0,
SEA,AA,1,0,0,
SEA,AA,2,0,0,
SEA,AA,3,0,0,
SEA,US,1,0,0,
SEA,US,2,0,0,
SEA,US,3,0,0,
SEA,DL,1,5,6,0.5454545454545454
SEA,DL,2,2,0,0.0
SEA,DL,3,2,0,0.0
SEA,NK,1,0,0,
SEA,NK,2,0,0,
SEA,NK,3,0,0,
SEA,VX,1,0,0,
SEA,VX,2,0,0,
SEA,VX,3,0,0,
SEA,AS,1,64,26,0.28888888888888886
SEA,AS,2,229,104,0.3123123123123123
SEA,AS,3,1,0,0.0
SEA,EV,1,0,0,
SEA,EV,2,0,0,
SEA,EV,3,0,0,
SDF,F9,1,0,0,
SDF,F9,2,0,0,
SDF,F9,3,0,0,
SDF,UA,1,0,0,
SDF,UA,2,0,0,
SDF,UA,3,0,0,
SDF,B6,1,0,0,
SDF,B6,2,0,0,
SDF,B6,3,0,0,
SDF,WN,1,83,2,0.023529411764705882
SDF,WN,2,203,69,0.2536764705882353
SDF,WN,3,2,8,0.8
SDF,AA,1,0,0,
SDF,AA,2,0,0,
SDF,AA,3,0,0,
SDF,US,1,0,0,
SDF,US,2,0,0,
SDF,US,3,0,0,
SDF,DL,1,0,0,
SDF,DL,2,0,0,
SDF,DL,3,0,0,
SDF,NK,1,0,0,
SDF,NK,2,0,0,
SDF,NK,3,0,0,
SDF,VX,1,0,0,
SDF,VX,2,0,0,
SDF,VX,3,0,0,
SDF,AS,1,0,0,
SDF,AS,2,0,0,
SDF,AS,3,0,0,
SDF,EV,1,0,0,
SDF,EV,2,0,0,
SDF,EV,3,0,0,
SAN,F9,1,0,0,
SAN,F9,2,0,0,
SAN,F9,3,0,0,
SAN,UA,1,0,0,
SAN,UA,2,0,0,
SAN,UA,3,0,0,
SAN,B6,1,0,0,
SAN,B6,2,0,0,
SAN,B6,3,0,0,
SAN,WN,1,0,0,
SAN,WN,2,99,76,0.4342857142857143
SAN,WN,3,27,76,0.7378640776699029
SAN,AA,1,0,0,
SAN,AA,2,0,0,
SAN,AA,3,0,0,
SAN,US,1,0,0,
SAN,US,2,0,0,
SAN,US,3,0,0,
SAN,DL,1,0,0,
SAN,DL,2,0,0,
SAN,DL,3,0,0,
SAN,NK,1,0,0,
SAN,NK,2,0,0,
SAN,NK,3,0,0,
SAN,VX,1,0,0,
SAN,VX,2,0,0,
SAN,VX,3,0,0,
SAN,AS,1,0,0,
SAN,AS,2,133,86,0.3926940639269406
SAN,AS,3,2,6,0.75
SAN,EV,1,0,0,
SAN,EV,2,0,0,
SAN,EV,3,0,0,
ILG,F9,1,0,0,
ILG,F9,2,1,4,0.8
ILG,F9,3,34,27,0.4426229508196721
ILG,UA,1,0,0,
ILG,UA,2,0,0,
ILG,UA,3,0,0,
ILG,B6,1,0,0,
ILG,B6,2,0,0,
ILG,B6,3,0,0,
ILG,WN,1,0,0,
ILG,WN,2,0,0,
ILG,WN,3,0,0,
ILG,AA,1,0,0,
ILG,AA,2,0,0,
ILG,AA,3,0,0,
ILG,US,1,0,0,
ILG,US,2,0,0,
ILG,US,3,0,0,
ILG,DL,1,0,0,
ILG,DL,2,0,0,
ILG,DL,3,0,0,
ILG,NK,1,0,0,
ILG,NK,2,0,0,
ILG,NK,3,0,0,
ILG,VX,1,0,0,
ILG,VX,2,0,0,
ILG,VX,3,0,0,
ILG,AS,1,0,0,
ILG,AS,2,0,0,
ILG,AS,3,0,0,
ILG,EV,1,0,0,
ILG,EV,2,0,0,
ILG,EV,3,0,0,
LBE,F9,1,0,0,
LBE,F9,2,0,0,
LBE,F9,3,0,0,
LBE,UA,1,0,0,
LBE,UA,2,0,0,
LBE,UA,3,0,0,
LBE,B6,1,0,0,
LBE,B6,2,0,0,
LBE,B6,3,0,0,
LBE,WN,1,0,0,
LBE,WN,2,0,0,
LBE,WN,3,0,0,
LBE,AA,1,0,0,
LBE,AA,2,0,0,
LBE,AA,3,0,0,
LBE,US,1,0,0,
LBE,US,2,0,0,
LBE,US,3,0,0,
LBE,DL,1,0,0,
LBE,DL,2,0,0,
LBE,DL,3,0,0,
LBE,NK,1,0,0,
LBE,NK,2,71,9,0.1125
LBE,NK,3,90,148,0.6218487394957983
LBE,VX,1,0,0,
LBE,VX,2,0,0,
LBE,VX,3,0,0,
LBE,AS,1,0,0,
LBE,AS,2,0,0,
LBE,AS,3,0,0,
LBE,EV,1,0,0,
LBE,EV,2,0,0,
LBE,EV,3,0,0,
BHM,F9,1,0,0,
BHM,F9,2,0,0,
BHM,F9,3,0,0,
BHM,UA,1,0,0,
BHM,UA,2,0,0,
BHM,UA,3,0,0,
BHM,B6,1,0,0,
BHM,B6,2,0,0,
BHM,B6,3,0,0,
BHM,WN,1,106,33,0.23741007194244604
BHM,WN,2,209,110,0.3448275862068966
BHM,WN,3,100,102,0.504950495049505
BHM,AA,1,0,0,
BHM,AA,2,0,0,
BHM,AA,3,0,0,
BHM,US,1,0,0,
BHM,US,2,0,0,
BHM,US,3,0,0,
BHM,DL,1,0,0,
BHM,DL,2,0,0,
BHM,DL,3,0,0,
BHM,NK,1,0,0,
BHM,NK,2,0,0,
BHM,NK,3,0,0,
BHM,VX,1,0,0,
BHM,VX,2,0,0,
BHM,VX,3,0,0,
BHM,AS,1,0,0,
BHM,AS,2,0,0,
BHM,AS,3,0,0,
BHM,EV,1,0,0,
BHM,EV,2,0,0,
BHM,EV,3,0,0,
SYR,F9,1,0,0,
SYR,F9,2,0,0,
SYR,F9,3,0,0,
SYR,UA,1,0,0,
SYR,UA,2,0,0,
SYR,UA,3,0,0,
SYR,B6,1,149,16,0.09696969696969697
SYR,B6,2,38,11,0.22448979591836735
SYR,B6,3,64,56,0.4666666666666667
SYR,WN,1,0,0,
SYR,WN,2,0,0,
SYR,WN,3,0,0,
SYR,AA,1,0,0,
SYR,AA,2,0,0,
SYR,AA,3,0,0,
SYR,US,1,0,0,
SYR,US,2,0,0,
SYR,US,3,0,0,
SYR,DL,1,0,0,
SYR,DL,2,0,0,
SYR,DL,3,0,0,
SYR,NK,1,0,0,
SYR,NK,2,0,0,
SYR,NK,3,0,0,
SYR,VX,1,0,0,
SYR,VX,2,0,0,
SYR,VX,3,0,0,
SYR,AS,1,0,0,
SYR,AS,2,0,0,
SYR,AS,3,0,0,
SYR,EV,1,0,0,
SYR,EV,2,0,0,
SYR,EV,3,0,0,
SWF,F9,1,0,0,
SWF,F9,2,0,0,
SWF,F9,3,0,0,
SWF,UA,1,0,0,
SWF,UA,2,0,0,
SWF,UA,3,0,0,
SWF,B6,1,0,0,
SWF,B6,2,128,96,0.42857142857142855
SWF,B6,3,60,50,0.45454545454545453
SWF,WN,1,0,0,
SWF,WN,2,0,0,
SWF,WN,3,0,0,
SWF,AA,1,0,0,
SWF,AA,2,0,0,
SWF,AA,3,0,0,
SWF,US,1,0,0,
SWF,US,2,0,0,
SWF,US,3,0,0,
SWF,DL,1,0,0,
SWF,DL,2,0,0,
SWF,DL,3,0,0,
SWF,NK,1,0,0,
SWF,NK,2,0,0,
SWF,NK,3,0,0,
SWF,VX,1,0,0,
SWF,VX,2,0,0,
SWF,VX,3,0,0,
SWF,AS,1,0,0,
SWF,AS,2,0,0,
SWF,AS,3,0,0,
SWF,EV,1,0,0,
SWF,EV,2,0,0,
SWF,EV,3,0,0,
TTN,F9,1,204,107,0.3440514469453376
TTN,F9,2,53,64,0.5470085470085471
TTN,F9,3,18,40,0.6896551724137931
TTN,UA,1,0,0,
TTN,UA,2,0,0,
TTN,UA,3,0,0,
TTN,B6,1,0,0,
TTN,B6,2,0,0,
TTN,B6,3,0,0,
TTN,WN,1,0,0,
TTN,WN,2,0,0,
TTN,WN,3,0,0,
TTN,AA,1,0,0,
TTN,AA,2,0,0,
TTN,AA,3,0,0,
TTN,US,1,0,0,
TTN,US,2,0,0,
TTN,US,3,0,0,
TTN,DL,1,0,0,
TTN,DL,2,0,0,
TTN,DL,3,0,0,
TTN,NK,1,0,0,
TTN,NK,2,0,0,
TTN,NK,3,0,0,
TTN,VX,1,0,0,
TTN,VX,2,0,0,
TTN,VX,3,0,0,
TTN,AS,1,0,0,
TTN,AS,2,0,0,
TTN,AS,3,0,0,
TTN,EV,1,0,0,
TTN,EV,2,0,0,
TTN,EV,3,0,0,
BMI,F9,1,0,0,
BMI,F9,2,2,3,0.6
BMI,F9,3,5,24,0.8275862068965517
BMI,UA,1,0,0,
BMI,UA,2,0,0,
BMI,UA,3,0,0,
BMI,B6,1,0,0,
BMI,B6,2,0,0,
BMI,B6,3,0,0,
BMI,WN,1,0,0,
BMI,WN,2,0,0,
BMI,WN,3,0,0,
BMI,AA,1,0,0,
BMI,AA,2,0,0,
BMI,AA,3,0,0,
BMI,US,1,0,0,
BMI,US,2,0,0,
BMI,US,3,0,0,
BMI,DL,1,0,0,
BMI,DL,2,0,0,
BMI,DL,3,0,0,
BMI,NK,1,0,0,
BMI,NK,2,0,0,
BMI,NK,3,0,0,
BMI,VX,1,0,0,
BMI,VX,2,0,0,
BMI,VX,3,0,0,
BMI,AS,1,0,0,
BMI,AS,2,0,0,
BMI,AS,3,0,0,
BMI,EV,1,0,0,
BMI,EV,2,0,0,
BMI,EV,3,0,0,
OMA,F9,1,0,0,
OMA,F9,2,20,13,0.3939393939393939
OMA,F9,3,4,1,0.2
OMA,UA,1,0,0,
OMA,UA,2,0,0,
OMA,UA,3,0,0,
OMA,B6,1,0,0,
OMA,B6,2,0,0,
OMA,B6,3,0,0,
OMA,WN,1,56,1,0.017543859649122806
OMA,WN,2,5,5,0.5
OMA,WN,3,21,7,0.25
OMA,AA,1,0,0,
OMA,AA,2,0,0,
OMA,AA,3,0,0,
OMA,US,1,0,0,
OMA,US,2,0,0,
OMA,US,3,0,0,
OMA,DL,1,0,0,
OMA,DL,2,0,0,
OMA,DL,3,0,0,
OMA,NK,1,0,0,
OMA,NK,2,0,0,
OMA,NK,3,0,0,
OMA,VX,1,0,0,
OMA,VX,2,0,0,
OMA,VX,3,0,0,
OMA,AS,1,0,0,
OMA,AS,2,0,0,
OMA,AS,3,0,0,
OMA,EV,1,0,0,
OMA,EV,2,0,0,
OMA,EV,3,0,0,
MSN,F9,1,0,1,1.0
MSN,F9,2,0,0,
MSN,F9,3,11,5,0.3125
MSN,UA,1,0,0,
MSN,UA,2,0,0,
MSN,UA,3,0,0,
MSN,B6,1,0,0,
MSN,B6,2,0,0,
MSN,B6,3,0,0,
MSN,WN,1,0,0,
MSN,WN,2,0,0,
MSN,WN,3,0,0,
MSN,AA,1,0,0,
MSN,AA,2,0,0,
MSN,AA,3,0,0,
MSN,US,1,0,0,
MSN,US,2,0,0,
MSN,US,3,0,0,
MSN,DL,1,0,0,
MSN,DL,2,0,0,
MSN,DL,3,0,0,
MSN,NK,1,0,0,
MSN,NK,2,0,0,
MSN,NK,3,0,0,
MSN,VX,1,0,0,
MSN,VX,2,0,0,
MSN,VX,3,0,0,
MSN,AS,1,0,0,
MSN,AS,2,0,0,
MSN,AS,3,0,0,
MSN,EV,1,0,0,
MSN,EV,2,0,0,
MSN,EV,3,0,0,
PWM,F9,1,0,0,
PWM,F9,2,0,0,
PWM,F9,3,0,0,
PWM,UA,1,0,0,
PWM,UA,2,0,0,
PWM,UA,3,0,0,
PWM,B6,1,0,0,
PWM,B6,2,0,0,
PWM,B6,3,0,0,
PWM,WN,1,5,0,0.0
PWM,WN,2,2,0,0.0
PWM,WN,3,0,0,
PWM,AA,1,0,0,
PWM,AA,2,0,0,
PWM,AA,3,0,0,
PWM,US,1,0,0,
PWM,US,2,0,0,
PWM,US,3,0,0,
PWM,DL,1,0,0,
PWM,DL,2,0,0,
PWM,DL,3,0,0,
PWM,NK,1,0,0,
PWM,NK,2,0,0,
PWM,NK,3,0,0,
PWM,VX,1,0,0,
PWM,VX,2,0,0,
PWM,VX,3,0,0,
PWM,AS,1,0,0,
PWM,AS,2,0,0,
PWM,AS,3,0,0,
PWM,EV,1,0,0,
PWM,EV,2,0,0,
PWM,EV,3,0,0,
ABQ,F9,1,0,0,
ABQ,F9,2,0,0,
ABQ,F9,3,0,0,
ABQ,UA,1,0,0,
ABQ,UA,2,0,0,
ABQ,UA,3,0,0,
ABQ,B6,1,0,0,
ABQ,B6,2,0,0,
ABQ,B6,3,0,0,
ABQ,WN,1,0,0,
ABQ,WN,2,63,16,0.20253164556962025
ABQ,WN,3,2,18,0.9
ABQ,AA,1,0,0,
ABQ,AA,2,0,0,
ABQ,AA,3,0,0,
ABQ,US,1,0,0,
ABQ,US,2,0,0,
ABQ,US,3,0,0,
ABQ,DL,1,0,0,
ABQ,DL,2,0,0,
ABQ,DL,3,0,0,
ABQ,NK,1,0,0,
ABQ,NK,2,0,0,
ABQ,NK,3,0,0,
ABQ,VX,1,0,0,
ABQ,VX,2,0,0,
ABQ,VX,3,0,0,
ABQ,AS,1,0,0,
ABQ,AS,2,0,0,
ABQ,AS,3,0,0,
ABQ,EV,1,0,0,
ABQ,EV,2,0,0,
ABQ,EV,3,0,0,
